-- phpMyAdmin SQL Dump
-- version 3.4.10.1deb1
-- http://www.phpmyadmin.net
--
-- Host: localhost
-- Generation Time: Dec 17, 2013 at 01:02 PM
-- Server version: 5.5.32
-- PHP Version: 5.3.10-1ubuntu3.8

SET SQL_MODE="NO_AUTO_VALUE_ON_ZERO";
SET time_zone = "+00:00";


/*!40101 SET @OLD_CHARACTER_SET_CLIENT=@@CHARACTER_SET_CLIENT */;
/*!40101 SET @OLD_CHARACTER_SET_RESULTS=@@CHARACTER_SET_RESULTS */;
/*!40101 SET @OLD_COLLATION_CONNECTION=@@COLLATION_CONNECTION */;
/*!40101 SET NAMES utf8 */;

--
-- Database: `meenesh`
--

-- --------------------------------------------------------

--
-- Table structure for table `dataTable`
--

CREATE TABLE IF NOT EXISTS `dataTable` (
  `id` mediumint(8) unsigned NOT NULL AUTO_INCREMENT,
  `Name` varchar(255) DEFAULT NULL,
  `email` varchar(255) DEFAULT NULL,
  `phone` varchar(100) DEFAULT NULL,
  `Company` varchar(255) DEFAULT NULL,
  `address` varchar(255) DEFAULT NULL,
  `age` mediumint(9) DEFAULT NULL,
  `nationality` varchar(100) DEFAULT NULL,
  PRIMARY KEY (`id`)
) ENGINE=InnoDB  DEFAULT CHARSET=latin1 AUTO_INCREMENT=101 ;

--
-- Dumping data for table `dataTable`
--

INSERT INTO `dataTable` (`id`, `Name`, `email`, `phone`, `Company`, `address`, `age`, `nationality`) VALUES
(1, 'Paloma Cotton', 'Donec.luctus@Fuscediamnunc.co.uk', '316-790-6548', 'Amet Corp.', 'Ap #195-1923 Et Avenue', 17, 'Fiji'),
(2, 'Deborah Pruitt', 'ridiculus.mus@tinciduntaliquamarcu.co.uk', '783-953-4534', 'Accumsan Corporation', '8966 Erat. St.', 36, 'Japan'),
(3, 'Isadora Mercer', 'sem.consequat.nec@mollisvitaeposuere.ca', '762-157-2393', 'A Sollicitudin Consulting', '4401 Sit Street', 34, 'Equatorial Guinea'),
(4, 'Liberty Miller', 'Donec.consectetuer.mauris@convallis.net', '315-966-2733', 'Nunc Associates', 'P.O. Box 523, 3722 Pellentesque Av.', 57, 'Croatia'),
(5, 'Honorato Holcomb', 'luctus.vulputate.nisi@aliquetnecimperdiet.co.uk', '435-571-6065', 'Varius Ultrices Mauris LLP', 'Ap #256-1586 Id, Rd.', 32, 'Martinique'),
(6, 'Lester Ray', 'mollis.Integer@tempor.net', '777-791-4611', 'Nulla Magna Corporation', 'Ap #708-4371 Phasellus St.', 42, 'Barbados'),
(7, 'Callum Bond', 'lectus@ullamcorpermagna.org', '964-936-2488', 'Lorem Sit Amet Company', '3548 Vel Rd.', 1, 'New Caledonia'),
(8, 'Erica Colon', 'interdum@auctor.net', '186-984-4413', 'Duis Ltd', 'Ap #544-5957 Nec St.', 47, 'Guinea-Bissau'),
(9, 'Candice Donovan', 'Fusce.mi@feliseget.net', '963-587-6494', 'Aenean Eget Metus Corp.', 'Ap #434-8832 Et Street', 44, 'Brunei'),
(10, 'Christian Olsen', 'Donec.nibh.Quisque@Aliquamrutrum.edu', '275-313-9494', 'Est Inc.', 'P.O. Box 701, 8467 Lorem Avenue', 29, 'Antigua and Barbuda'),
(11, 'Lane Hayes', 'mauris.ipsum.porta@ategestas.edu', '442-876-1858', 'Proin Limited', 'Ap #433-2468 Non, Rd.', 20, 'Sudan'),
(12, 'Macaulay Delacruz', 'odio.Etiam@Donectempor.ca', '960-419-1412', 'Integer Aliquam Corp.', '569-9036 Magna. St.', 60, 'Iceland'),
(13, 'April Shaffer', 'ut.erat.Sed@velitAliquamnisl.net', '831-897-0437', 'Donec Tempor Est LLP', '3936 Gravida Ave', 20, 'Kyrgyzstan'),
(14, 'Destiny Gill', 'Curae.Phasellus.ornare@at.ca', '631-518-7300', 'Felis Purus Ac Consulting', 'Ap #353-2533 Ligula. St.', 59, 'Egypt'),
(15, 'Kristen Charles', 'egestas.ligula@sagittisplacerat.com', '856-264-0126', 'Commodo Auctor Incorporated', 'Ap #226-4766 Id St.', 41, 'Mexico'),
(16, 'Barry Dominguez', 'Sed@arcuNunc.org', '849-362-3365', 'Sit LLC', '161-997 Elit, Ave', 36, 'Saudi Arabia'),
(17, 'Jaime Workman', 'non@feugiat.edu', '240-932-9209', 'Dictum Phasellus In Incorporated', '847-4958 Id, Rd.', 31, 'Djibouti'),
(18, 'Lunea Moss', 'erat@Praesentinterdumligula.org', '614-672-8787', 'Quisque Varius Industries', '4347 Et Rd.', 4, 'Qatar'),
(19, 'Fritz Acosta', 'mi@atlacusQuisque.edu', '667-428-3539', 'Ipsum Limited', 'Ap #603-8992 Quisque St.', 21, 'Antarctica'),
(20, 'Tanya Soto', 'massa.Mauris.vestibulum@Aeneansedpede.ca', '486-927-7596', 'Pede Suspendisse Dui PC', 'Ap #462-9992 Nunc, Road', 5, 'Comoros'),
(21, 'Yetta Ochoa', 'neque@at.org', '109-289-2614', 'Amet Risus Donec Consulting', 'P.O. Box 715, 3382 Dui. Road', 40, 'Wallis and Futuna'),
(22, 'Daryl Bird', 'parturient.montes.nascetur@Donecporttitor.ca', '584-150-4100', 'Ac Corp.', 'Ap #202-6850 Augue St.', 12, 'Georgia'),
(23, 'Fulton Kidd', 'blandit@musAeneaneget.net', '592-162-4048', 'Tempus Mauris LLP', 'P.O. Box 684, 8290 Amet St.', 18, 'Ireland'),
(24, 'Duncan Lindsey', 'sapien.gravida@vestibulumnequesed.com', '387-205-9239', 'Id Sapien Incorporated', 'P.O. Box 292, 7245 Commodo Rd.', 52, 'Mauritius'),
(25, 'Basil Mitchell', 'tristique.pharetra.Quisque@In.co.uk', '601-836-7857', 'Dictum Cursus Inc.', '476-6803 Quam Street', 42, 'French Guiana'),
(26, 'Roanna Fisher', 'nonummy@velturpisAliquam.com', '722-678-1703', 'Elit Industries', 'Ap #130-5933 Libero. Ave', 38, 'Eritrea'),
(27, 'Rhonda West', 'ligula@massa.edu', '991-631-5009', 'Vestibulum Neque Sed Limited', '3253 Dui. St.', 32, 'Vanuatu'),
(28, 'Iliana Velazquez', 'arcu.Vestibulum.ante@tortor.net', '442-166-1846', 'Nam Consequat Limited', '6793 Interdum Street', 40, 'Jersey'),
(29, 'Tiger Fitzpatrick', 'arcu.Sed.et@scelerisquenequesed.org', '162-613-3801', 'Mauris PC', 'P.O. Box 747, 9201 Aliquam Rd.', 59, 'Djibouti'),
(30, 'Fiona Lee', 'dolor.tempus@sedhendrerit.org', '965-221-6265', 'Nec Orci Consulting', 'Ap #450-7732 Facilisis Ave', 5, 'United Arab Emirates'),
(31, 'Rowan Watkins', 'ultricies@velconvallisin.com', '255-873-0866', 'Interdum Enim Incorporated', 'P.O. Box 958, 9931 Sed St.', 2, 'Thailand'),
(32, 'Tate Rush', 'orci.consectetuer.euismod@Quisque.net', '647-343-1057', 'Vel Ltd', '695-5190 Nunc Rd.', 54, 'Saudi Arabia'),
(33, 'Brian Montoya', 'ut@leoin.co.uk', '496-526-3594', 'Aliquam Eu Corporation', '885 Nulla Avenue', 57, 'Paraguay'),
(34, 'Ainsley Clemons', 'ridiculus.mus.Proin@aliquamadipiscing.ca', '958-138-9332', 'Aliquam Consulting', '9115 Ac Avenue', 8, 'Cambodia'),
(35, 'Dolan Hamilton', 'odio.Etiam@ametrisusDonec.com', '534-883-4855', 'Adipiscing Corporation', 'P.O. Box 791, 3897 Sed Avenue', 23, 'Slovakia'),
(36, 'Eleanor Munoz', 'sem.ut.cursus@Donecsollicitudinadipiscing.edu', '239-280-4934', 'Et Corp.', '128-3885 Varius. Road', 1, 'Chile'),
(37, 'Ora Norton', 'molestie.tortor.nibh@afacilisisnon.com', '507-114-0845', 'Ac Sem Ut Foundation', '775-2337 Pharetra. Road', 4, 'Australia'),
(38, 'Mariam Cross', 'sed.sem.egestas@mauris.net', '566-336-2114', 'Ridiculus Mus Donec Limited', '5163 Amet Av.', 57, 'Greece'),
(39, 'Burton Phelps', 'diam@maurisa.ca', '452-383-7516', 'Ac Metus Vitae PC', '975-5979 Lorem, Av.', 28, 'Venezuela'),
(40, 'Geraldine Cruz', 'ridiculus.mus.Proin@natoquepenatibuset.com', '377-170-6416', 'Semper Et Lacinia Corporation', '2925 Eu, Avenue', 9, 'Seychelles'),
(41, 'Gwendolyn Banks', 'Ut@nec.co.uk', '853-494-0952', 'Metus Eu LLC', 'Ap #238-1078 Rhoncus. St.', 21, 'Guernsey'),
(42, 'Cade Bolton', 'Nullam@accumsan.com', '525-671-2498', 'Id Ante LLC', 'Ap #118-4303 Velit Street', 55, 'El Salvador'),
(43, 'Michael Francis', 'ut.molestie@dictumsapien.ca', '576-469-8613', 'Gravida Inc.', '159-2983 Dictum Street', 53, 'Morocco'),
(44, 'Kareem House', 'ut@penatibuset.ca', '448-202-6919', 'Felis Purus Company', 'Ap #856-5112 Dictum Rd.', 13, 'Mexico'),
(45, 'Kylee Gilbert', 'mauris.rhoncus@sem.ca', '497-399-1234', 'Dui Augue PC', 'Ap #872-7060 Mauris Avenue', 28, 'Hungary'),
(46, 'Fitzgerald Cross', 'sodales.purus.in@maurisMorbinon.ca', '474-380-9379', 'Cum Sociis Inc.', '143-7613 Aliquam Ave', 5, 'Antarctica'),
(47, 'Elmo Porter', 'adipiscing.elit@elitsed.org', '926-644-3098', 'Amet Lorem Ltd', 'Ap #155-3910 Quam. Av.', 54, 'Paraguay'),
(48, 'Mohammad Mason', 'eu.eros@tincidunt.edu', '546-440-2742', 'Lobortis Nisi Nibh LLC', '342-4720 Arcu Avenue', 27, 'Bolivia'),
(49, 'Xantha Hudson', 'neque.vitae@vulputatelacus.edu', '660-911-1944', 'Ultrices LLP', '9676 Non, Road', 52, 'Afghanistan'),
(50, 'Kirk Scott', 'sollicitudin.a@odiotristique.edu', '392-307-3658', 'Sociis Natoque Associates', '9928 Felis St.', 34, 'Antarctica'),
(51, 'Patricia Talley', 'porttitor.vulputate@elitfermentumrisus.net', '503-874-6622', 'Congue In Scelerisque Ltd', '5725 In Av.', 16, 'Bahrain'),
(52, 'Hashim Boyle', 'amet.ante.Vivamus@dolor.com', '446-313-4972', 'Risus Donec LLP', 'P.O. Box 349, 1848 Dis St.', 47, 'Iran'),
(53, 'Germaine Mcgee', 'tempor@acurna.co.uk', '814-325-6422', 'Nisi Mauris Nulla Incorporated', 'P.O. Box 884, 9939 Fringilla. Avenue', 6, 'Lesotho'),
(54, 'Olga Hall', 'bibendum@ridiculusmusProin.co.uk', '108-302-4470', 'Molestie In Tempus Associates', 'Ap #819-189 Malesuada Av.', 12, 'Djibouti'),
(55, 'Wallace Moss', 'Nunc.ullamcorper@fames.org', '969-666-3041', 'Ac Industries', '715-372 Non St.', 31, 'Israel'),
(56, 'Eugenia Vaughn', 'ullamcorper@erat.com', '362-193-3223', 'Et Euismod Consulting', 'Ap #555-6283 At Rd.', 42, 'Trinidad and Tobago'),
(57, 'Trevor Baxter', 'vulputate.dui@anteipsumprimis.edu', '495-740-5129', 'Amet Foundation', '137-599 Justo St.', 53, 'Congo, the Democratic Republic of the'),
(58, 'Hermione Wyatt', 'mattis@tincidunt.ca', '559-843-5298', 'Proin Velit Incorporated', '7046 Et Rd.', 13, 'Haiti'),
(59, 'Colin Rocha', 'enim.Nunc@velitinaliquet.co.uk', '852-939-0117', 'Augue Company', '650-3942 Curabitur Street', 20, 'Tanzania'),
(60, 'Cadman Gentry', 'pharetra@eunequepellentesque.org', '780-316-7161', 'Nunc Interdum Feugiat Associates', 'P.O. Box 691, 1618 Lorem Rd.', 31, 'British Indian Ocean Territory'),
(61, 'Wang Aguilar', 'orci.tincidunt.adipiscing@Aliquamerat.org', '904-851-9658', 'Massa Institute', '749-8723 Sapien, Rd.', 37, 'Serbia'),
(62, 'Matthew Sparks', 'Aenean.eget.metus@quamPellentesque.co.uk', '475-855-7958', 'Nunc Associates', '301-1836 Consequat Avenue', 6, 'Panama'),
(63, 'Lars Hancock', 'Suspendisse@uterat.ca', '435-159-6118', 'Nec Eleifend Limited', '9003 Et Rd.', 12, 'Kyrgyzstan'),
(64, 'Hope Massey', 'non@Proinmi.edu', '633-333-7436', 'Pede Associates', '6892 Tempus Street', 1, 'Bulgaria'),
(65, 'Craig Kemp', 'Class.aptent@Mauris.com', '660-858-0309', 'Cubilia Foundation', 'P.O. Box 764, 8774 Quisque Avenue', 22, 'Netherlands'),
(66, 'Breanna Chambers', 'est.ac.mattis@loremluctusut.ca', '163-411-1162', 'Sodales Industries', '3861 At Rd.', 27, 'Afghanistan'),
(67, 'Jemima Winters', 'lacinia.mattis.Integer@atpretium.org', '873-993-4315', 'Pellentesque Tincidunt Incorporated', '516-3381 Adipiscing St.', 19, 'Jordan'),
(68, 'Riley Gordon', 'eu@et.edu', '872-930-1043', 'Auctor Limited', '916-7622 Turpis Av.', 15, 'Mongolia'),
(69, 'Carolyn Bryan', 'Cras@dictum.co.uk', '364-899-4625', 'Sociosqu Ad Litora Company', 'P.O. Box 538, 1279 Eu Road', 15, 'Solomon Islands'),
(70, 'Laurel Young', 'magna@montesnasceturridiculus.com', '842-277-4513', 'Auctor Quis Industries', '536-9598 Est St.', 20, 'Italy'),
(71, 'Katelyn Hebert', 'ante.ipsum@magnamalesuada.ca', '655-671-9743', 'Sed Nulla Corporation', 'P.O. Box 752, 439 Enim. Av.', 46, 'Swaziland'),
(72, 'Yvonne Hampton', 'enim@rutrumjusto.org', '420-634-5776', 'Tincidunt Consulting', '560-8134 Amet, Rd.', 47, 'Namibia'),
(73, 'Xyla Freeman', 'nostra.per.inceptos@nonsollicitudina.net', '114-879-2891', 'Donec Nibh LLP', '7196 Lacus. Avenue', 36, 'Trinidad and Tobago'),
(74, 'Phillip Callahan', 'metus.In@loremac.edu', '639-703-5499', 'Pede Cras Vulputate Corp.', 'P.O. Box 548, 7763 Lectus, St.', 5, 'Eritrea'),
(75, 'Zenaida Foreman', 'tempor.est.ac@Donecelementum.edu', '563-230-3829', 'Donec Inc.', '100-281 Cursus. St.', 44, 'Swaziland'),
(76, 'Jeanette Dixon', 'neque.In@erat.org', '846-408-9677', 'Enim Nunc Ut Corporation', '754-5825 Eu, Avenue', 53, 'Poland'),
(77, 'Hadley Christian', 'molestie.dapibus.ligula@Nuncmauris.edu', '463-448-6747', 'Ipsum Leo Consulting', 'Ap #957-3302 Vitae Street', 15, 'Turkmenistan'),
(78, 'Brianna Wolf', 'libero.est.congue@Aliquameratvolutpat.net', '742-273-2448', 'Sodales Nisi Magna Industries', '827-9400 Neque Rd.', 7, 'Tanzania'),
(79, 'Dexter Mcfarland', 'tortor.nibh@acmieleifend.com', '829-375-8279', 'Amet Ante Industries', 'P.O. Box 974, 4711 Nec Road', 24, 'Lesotho'),
(80, 'Lacey Duke', 'aliquet@tempus.edu', '368-850-5799', 'A Magna Lorem Industries', '276-9674 Sociosqu Road', 17, 'Falkland Islands (Islas Malvinas)'),
(81, 'Derek Ingram', 'convallis@Nunccommodo.ca', '111-640-4477', 'Nec Euismod Industries', '762-6603 Vitae Rd.', 28, 'South Africa'),
(82, 'Dennis Noel', 'Nullam.suscipit@tortoratrisus.ca', '169-545-5926', 'Lorem Luctus Institute', '753-8126 Donec St.', 12, 'Korea, South'),
(83, 'Anthony Neal', 'nec@volutpatNulla.com', '828-489-3503', 'Lectus Convallis Consulting', '5868 Pharetra Avenue', 18, 'Jersey'),
(84, 'Yoko Mckinney', 'sit.amet@eterosProin.co.uk', '273-394-4728', 'Lacinia Orci Associates', 'Ap #756-3020 Primis St.', 36, 'Saint Lucia'),
(85, 'Nicholas Pena', 'urna.Nunc.quis@Donecnonjusto.com', '987-794-0926', 'Et Rutrum Eu LLP', 'Ap #543-9341 Ut Rd.', 39, 'Saint Martin'),
(86, 'Virginia Pate', 'ipsum.Suspendisse@urnaVivamus.ca', '466-412-6574', 'Id Nunc Interdum Associates', 'Ap #678-577 Mi. Road', 8, 'Iran'),
(87, 'Amery Carney', 'convallis.dolor@porttitorscelerisque.co.uk', '550-730-9552', 'Tellus Inc.', '762-3654 Hendrerit Road', 29, 'Cuba'),
(88, 'Zeus Hale', 'Ut.semper@ut.org', '609-596-4683', 'Vitae Consulting', '445-855 Odio, Ave', 12, 'Myanmar'),
(89, 'Ingrid Manning', 'adipiscing.ligula.Aenean@magnaet.org', '993-453-5058', 'Erat LLC', 'P.O. Box 859, 2613 Nam Street', 16, 'Virgin Islands, British'),
(90, 'Sybill Johnson', 'in.consequat.enim@tristiqueaceleifend.org', '229-587-5723', 'Commodo At Libero Consulting', 'Ap #540-649 Egestas Ave', 38, 'Saint Kitts and Nevis'),
(91, 'Sopoline Lopez', 'inceptos.hymenaeos@sedestNunc.edu', '637-185-6818', 'Ligula Aenean LLC', 'P.O. Box 345, 4964 Fusce Avenue', 3, 'Mali'),
(92, 'Blaze Church', 'faucibus@liberoIntegerin.co.uk', '748-438-3695', 'Ornare Lectus PC', 'P.O. Box 129, 2886 Ullamcorper, St.', 41, 'Wallis and Futuna'),
(93, 'Curran Church', 'risus.varius@etliberoProin.co.uk', '575-654-0638', 'Mauris Vel Corp.', '796-3763 Erat. St.', 26, 'New Caledonia'),
(94, 'Kamal Raymond', 'dolor.quam.elementum@nisl.org', '535-974-5223', 'Vitae Corporation', 'P.O. Box 706, 8350 Quam. Avenue', 18, 'Portugal'),
(95, 'Tatum Mooney', 'ipsum@nec.co.uk', '942-254-1495', 'Auctor Associates', 'Ap #927-8184 Dolor Av.', 44, 'Togo'),
(96, 'Garrison Peterson', 'aliquet.lobortis.nisi@sitametrisus.co.uk', '666-904-5551', 'Lorem Auctor Quis LLP', '6851 Ut, St.', 7, 'Cyprus'),
(97, 'Alfonso Taylor', 'est.congue.a@nisiMauris.net', '842-271-9064', 'Curae; Phasellus Associates', '1103 Scelerisque Rd.', 45, 'Anguilla'),
(98, 'Chase Ferguson', 'In.nec.orci@natoquepenatibuset.ca', '742-959-1407', 'Ac Arcu Nunc Consulting', 'P.O. Box 765, 4021 Elementum, Road', 46, 'Equatorial Guinea'),
(99, 'Regina Munoz', 'tellus.eu@suscipitest.ca', '215-843-4112', 'Amet Corp.', '616-8665 Nunc Rd.', 14, 'Congo, the Democratic Republic of the'),
(100, 'Venus Robertson', 'facilisis.non@dui.net', '902-651-4194', 'Porttitor Consulting', '649-2842 Et Rd.', 11, 'Ethiopia');

-- --------------------------------------------------------

--
-- Table structure for table `loccities`
--

CREATE TABLE IF NOT EXISTS `loccities` (
  `cityID` mediumint(6) NOT NULL DEFAULT '0',
  `cityName` varchar(70) COLLATE utf8_unicode_ci DEFAULT NULL,
  `shortCity` varchar(50) COLLATE utf8_unicode_ci DEFAULT NULL,
  `regionID` smallint(8) DEFAULT NULL,
  `countryID` smallint(9) DEFAULT NULL,
  PRIMARY KEY (`cityID`)
) ENGINE=InnoDB DEFAULT CHARSET=utf8 COLLATE=utf8_unicode_ci;

--
-- Dumping data for table `loccities`
--

INSERT INTO `loccities` (`cityID`, `cityName`, `shortCity`, `regionID`, `countryID`) VALUES
(1, 'Abbeville', 'Abbeville', 1, 1),
(2999, 'Likely', 'Likely', 5, 1),
(3000, 'Lily Gap', 'LilyGap', 5, 1),
(3001, 'Lincoln', 'Lincoln', 5, 1),
(3002, 'Lincoln Village', 'LincolnVillage', 5, 1),
(3003, 'Linda', 'Linda', 5, 1),
(3004, 'Linden', 'Linden', 5, 1),
(3005, 'Lindsay', 'Lindsay', 5, 1),
(3006, 'Littlerock', 'Littlerock', 5, 1),
(3007, 'Live Oak', 'LiveOak', 5, 1),
(3008, 'Livermore', 'Livermore', 5, 1),
(3009, 'Livingston', 'Livingston', 5, 1),
(3010, 'Loch Lomond', 'LochLomond', 5, 1),
(3011, 'Lockeford', 'Lockeford', 5, 1),
(3012, 'Lockwood Valley', 'LockwoodValley', 5, 1),
(3013, 'Lodgepole', 'Lodgepole', 5, 1),
(3014, 'Lodi', 'Lodi', 5, 1),
(3015, 'Lodoga', 'Lodoga', 5, 1),
(3016, 'Loleta', 'Loleta', 5, 1),
(3017, 'Loma Linda', 'LomaLinda', 5, 1),
(3018, 'Loma Rica', 'LomaRica', 5, 1),
(3019, 'Lompoc', 'Lompoc', 5, 1),
(3020, 'Lone Pine', 'LonePine', 5, 1),
(3021, 'Long Barn', 'LongBarn', 5, 1),
(3022, 'Long Beach', 'LongBeach', 5, 1),
(3023, 'Lookout', 'Lookout', 5, 1),
(3024, 'Lookout Peak', 'LookoutPeak', 5, 1),
(3025, 'Loomis', 'Loomis', 5, 1),
(3026, 'Los Alamitos', 'LosAlamitos', 5, 1),
(3027, 'Los Altos', 'LosAltos', 5, 1),
(3028, 'Los Altos Hills', 'LosAltosHills', 5, 1),
(3029, 'Los Angeles', 'LosAngeles', 5, 1),
(3030, 'Los Banos', 'LosBanos', 5, 1),
(3031, 'Los Gatos', 'LosGatos', 5, 1),
(3032, 'Los Molinos', 'LosMolinos', 5, 1),
(3033, 'Los Serranos', 'LosSerranos', 5, 1),
(3034, 'Lost Hills', 'LostHills', 5, 1),
(3035, 'Lost Horse-Keys Village', 'LostHorse-KeysVillage', 5, 1),
(3036, 'Lotus', 'Lotus', 5, 1),
(3037, 'Lovelock', 'Lovelock', 5, 1),
(3038, 'Lower Lake', 'LowerLake', 5, 1),
(3039, 'Loyalton', 'Loyalton', 5, 1),
(3040, 'Loyola', 'Loyola', 5, 1),
(3041, 'Lucas Valley-Marinwood', 'LucasValley-Marinwood', 5, 1),
(3042, 'Lucerne', 'Lucerne', 5, 1),
(3043, 'Ludlow', 'Ludlow', 5, 1),
(3044, 'Luther Pass', 'LutherPass', 5, 1),
(3045, 'Lynwood', 'Lynwood', 5, 1),
(3046, 'Lyonsville', 'Lyonsville', 5, 1),
(3047, 'Macdoel', 'Macdoel', 5, 1),
(3048, 'Madeline', 'Madeline', 5, 1),
(3049, 'Madera', 'Madera', 5, 1),
(3050, 'Madison', 'Madison', 5, 1),
(3058, 'Manton', 'Manton', 5, 1),
(3059, 'Manzanita Lake', 'ManzanitaLake', 5, 1),
(3060, 'Maple Creek', 'MapleCreek', 5, 1),
(3061, 'March Afb', 'MarchAfb', 5, 1),
(3062, 'Marina', 'Marina', 5, 1),
(3063, 'Marina Del Rey', 'MarinaDelRey', 5, 1),
(3064, 'Mariposa', 'Mariposa', 5, 1),
(3065, 'Markleeville', 'Markleeville', 5, 1),
(3066, 'Martinez', 'Martinez', 5, 1),
(3067, 'Marysville', 'Marysville', 5, 1),
(3068, 'Mather Afb', 'MatherAfb', 5, 1),
(3069, 'Maxwell', 'Maxwell', 5, 1),
(40033, 'Yoder', 'Yoder', 51, 1),
(40034, 'Acme', 'Acme', 52, 2),
(40395, 'Sointula', 'Sointula', 53, 2),
(40396, 'Sooke', 'Sooke', 53, 2),
(40397, 'Sorrento', 'Sorrento', 53, 2),
(40398, 'Squamish', 'Squamish', 53, 2),
(40399, 'Stephen', 'Stephen', 53, 2),
(40400, 'Stewart', 'Stewart', 53, 2),
(40401, 'Sturdies Bay', 'SturdiesBay', 53, 2),
(40402, 'Summerland', 'Summerland', 53, 2),
(40403, 'Surrey', 'Surrey', 53, 2),
(40404, 'Tahsis', 'Tahsis', 53, 2),
(40405, 'Tappen', 'Tappen', 53, 2),
(40406, 'Taylor', 'Taylor', 53, 2),
(40407, 'Telegraph Creek', 'TelegraphCreek', 53, 2),
(40408, 'Terrace', 'Terrace', 53, 2),
(40409, 'Tlell', 'Tlell', 53, 2),
(40410, 'Tofino', 'Tofino', 53, 2),
(40411, 'Trail', 'Trail', 53, 2),
(40412, 'Tsawwassen', 'Tsawwassen', 53, 2),
(40413, 'Ucluelet', 'Ucluelet', 53, 2),
(40414, 'Union Bay', 'UnionBay', 53, 2),
(40415, 'Valemount', 'Valemount', 53, 2),
(40416, 'Vancouver', 'Vancouver', 53, 2),
(40417, 'Vanderhoof', 'Vanderhoof', 53, 2),
(40418, 'Vernon', 'Vernon', 53, 2),
(40419, 'Victoria', 'Victoria', 53, 2),
(45800, '*Vienna', 'Vienna', NULL, 46),
(45801, 'Linz-Wels-Steyr', 'Linz-Wels-Steyr', NULL, 46),
(45802, 'Graz', 'Graz', NULL, 46),
(45803, 'Linz', 'Linz', NULL, 46),
(45804, 'Salzburg', 'Salzburg', NULL, 46),
(45805, 'Innsbruck', 'Innsbruck', NULL, 46),
(45806, 'Klagenfurt am Wörthersee', 'KlagenfurtamWorthersee', NULL, 46),
(45807, 'Villach', 'Villach', NULL, 46),
(45808, 'Wels', 'Wels', NULL, 46),
(45809, 'Sankt Pölten', 'SanktPolten', NULL, 46),
(45810, 'Dornbirn', 'Dornbirn', NULL, 46),
(45811, 'Steyr', 'Steyr', NULL, 46),
(45812, 'Wiener Neustadt', 'WienerNeustadt', NULL, 46),
(45813, 'Feldkirch', 'Feldkirch', NULL, 46),
(45814, 'Bregenz', 'Bregenz', NULL, 46),
(45815, 'Wolfsberg', 'Wolfsberg', NULL, 46),
(45816, 'Baden', 'Baden', NULL, 46),
(45817, 'Klosterneuburg', 'Klosterneuburg', NULL, 46),
(45818, 'Leoben', 'Leoben', NULL, 46),
(45819, 'Weinzierl bei Krems', 'WeinzierlbeiKrems', NULL, 46),
(45820, 'Traun', 'Traun', NULL, 46),
(45821, 'Krems an der Donau', 'KremsanderDonau', NULL, 46),
(45822, 'Amstetten', 'Amstetten', NULL, 46),
(45823, 'Leonding', 'Leonding', NULL, 46),
(45824, 'Kapfenberg', 'Kapfenberg', NULL, 46),
(45825, 'Mödling', 'Modling', NULL, 46),
(45826, 'Lustenau', 'Lustenau', NULL, 46),
(45827, 'Hallein', 'Hallein', NULL, 46),
(45828, 'Braunau am Inn', 'BraunauamInn', NULL, 46),
(45829, 'Spittal an der Drau', 'SpittalanderDrau', NULL, 46),
(45830, 'Traiskirchen', 'Traiskirchen', NULL, 46),
(45831, 'Saalfelden am Steinernen Meer', 'SaalfeldenamSteinernenMeer', NULL, 46),
(45832, 'Kufstein', 'Kufstein', NULL, 46),
(45833, 'Schwechat', 'Schwechat', NULL, 46),
(45834, 'Ternitz', 'Ternitz', NULL, 46),
(45835, 'Ansfelden', 'Ansfelden', NULL, 46),
(45836, 'Stockerau', 'Stockerau', NULL, 46),
(45837, 'Feldkirchen in Kärnten', 'FeldkircheninKarnten', NULL, 46),
(45838, 'Bad Ischl', 'BadIschl', NULL, 46),
(45839, 'Tulln', 'Tulln', NULL, 46),
(53380, '*Warsaw', 'Warsaw', NULL, 82),
(53381, 'Łódź', 'Lodz', NULL, 82),
(53382, 'Kraków', 'Krakow', NULL, 82),
(53383, 'Wrocław', 'Wroclaw', NULL, 82),
(53384, 'Poznań', 'Poznan', NULL, 82),
(53385, 'Gdańsk', 'Gdansk', NULL, 82),
(53386, 'Szczecin', 'Szczecin', NULL, 82),
(53387, 'Bydgoszcz', 'Bydgoszcz', NULL, 82),
(53388, 'Lublin', 'Lublin', NULL, 82),
(53389, 'Katowice', 'Katowice', NULL, 82),
(53390, 'Białystok', 'Bialystok', NULL, 82),
(53391, 'Gdynia', 'Gdynia', NULL, 82),
(53392, 'Częstochowa', 'Czestochowa', NULL, 82),
(53393, 'Sosnowiec', 'Sosnowiec', NULL, 82),
(53394, 'Radom', 'Radom', NULL, 82),
(53395, 'Toruń', 'Torun', NULL, 82),
(53396, 'Kielce', 'Kielce', NULL, 82),
(53397, 'Gliwice', 'Gliwice', NULL, 82),
(53398, 'Zabrze', 'Zabrze', NULL, 82),
(53399, 'Bytom', 'Bytom', NULL, 82),
(53400, 'Bielsko-Biała', 'Bielsko-Biala', NULL, 82),
(53401, 'Olsztyn', 'Olsztyn', NULL, 82),
(53402, 'Rzeszów', 'Rzeszow', NULL, 82),
(53403, 'Ruda Śląska', 'RudaSlaska', NULL, 82),
(53404, 'Rybnik', 'Rybnik', NULL, 82),
(53405, 'Dąbrowa Górnicza', 'DabrowaGornicza', NULL, 82),
(53406, 'Tychy', 'Tychy', NULL, 82),
(53407, 'Opole', 'Opole', NULL, 82),
(53408, 'Elblag', 'Elblag', NULL, 82),
(60158, 'Laughton', 'Laughton', 65, 95),
(60159, 'Leamington', 'Leamington', 65, 95),
(60160, 'Leeds', 'Leeds', 65, 95),
(60161, 'Leek', 'Leek', 65, 95),
(60162, 'Leicester', 'Leicester', 65, 95),
(60163, 'Leigh', 'Leigh', 65, 95),
(60164, 'Letchworth', 'Letchworth', 65, 95),
(60165, 'Lewes', 'Lewes', 65, 95),
(60166, 'Leyland', 'Leyland', 65, 95),
(60167, 'Lichfield', 'Lichfield', 65, 95),
(60168, 'Lincoln', 'Lincoln', 65, 95),
(60169, 'Little Chalfont', 'LittleChalfont', 65, 95),
(60170, 'Liverpool', 'Liverpool', 65, 95),
(60171, 'London', 'London', 65, 95),
(60172, 'Loughborough', 'Loughborough', 65, 95),
(60173, 'Louth', 'Louth', 65, 95),
(60174, 'Lowestoft', 'Lowestoft', 65, 95),
(60175, 'Luton', 'Luton', 65, 95),
(60292, 'Kabul', 'Kabul', NULL, 97),
(60293, 'Kandahār', 'Kandahar', NULL, 97),
(60294, 'Mazār-e Sharīf', 'Mazar-eSharif', NULL, 97),
(60295, 'Herāt', 'Herat', NULL, 97),
(60296, 'Jalālābād', 'Jalalabad', NULL, 97),
(60297, 'Kunduz', 'Kunduz', NULL, 97),
(60298, 'Ghazni', 'Ghazni', NULL, 97),
(60299, 'Balkh', 'Balkh', NULL, 97),
(60300, 'Baghlān', 'Baghlan', NULL, 97),
(60301, 'Gardēz', 'Gardez', NULL, 97),
(64999, '*Tokyo', 'Tokyo', NULL, 111),
(65000, 'Yokohama-shi', 'Yokohama-shi', NULL, 111),
(65001, 'Ōsaka-shi', 'Osaka-shi', NULL, 111),
(65002, 'Nagoya-shi', 'Nagoya-shi', NULL, 111),
(65003, 'Sapporo-shi', 'Sapporo-shi', NULL, 111),
(65004, 'Kōbe-shi', 'Kobe-shi', NULL, 111),
(65005, 'Kyoto', 'Kyoto', NULL, 111),
(65006, 'Fukuoka-shi', 'Fukuoka-shi', NULL, 111),
(65007, 'Kawasaki', 'Kawasaki', NULL, 111),
(65008, 'Saitama', 'Saitama', NULL, 111);

-- --------------------------------------------------------

--
-- Table structure for table `loccontinents`
--

CREATE TABLE IF NOT EXISTS `loccontinents` (
  `continentID` smallint(11) NOT NULL DEFAULT '0',
  `continentName` varchar(25) COLLATE utf8_unicode_ci DEFAULT NULL,
  PRIMARY KEY (`continentID`)
) ENGINE=InnoDB DEFAULT CHARSET=utf8 COLLATE=utf8_unicode_ci;

--
-- Dumping data for table `loccontinents`
--

INSERT INTO `loccontinents` (`continentID`, `continentName`) VALUES
(1, 'North America'),
(2, 'South America'),
(3, 'Europe'),
(4, 'Asia'),
(5, 'Africa'),
(6, 'Australia & Oceania');

-- --------------------------------------------------------

--
-- Table structure for table `loccountries`
--

CREATE TABLE IF NOT EXISTS `loccountries` (
  `countryID` smallint(9) NOT NULL DEFAULT '0',
  `countryName` varchar(35) COLLATE utf8_unicode_ci DEFAULT NULL,
  `shortCountry` varchar(25) COLLATE utf8_unicode_ci DEFAULT NULL,
  `continentID` smallint(11) DEFAULT NULL,
  `dialCode` smallint(8) DEFAULT NULL,
  PRIMARY KEY (`countryID`)
) ENGINE=InnoDB DEFAULT CHARSET=utf8 COLLATE=utf8_unicode_ci;

--
-- Dumping data for table `loccountries`
--

INSERT INTO `loccountries` (`countryID`, `countryName`, `shortCountry`, `continentID`, `dialCode`) VALUES
(1, 'United States', 'US', 1, 1),
(2, 'Canada', 'Canada', 1, 1),
(3, 'Bahamas', 'Bahamas', 1, 242),
(4, 'Barbados', 'Barbados', 1, 246),
(5, 'Belize', 'Belize', 1, 501),
(6, 'Bermuda', 'Bermuda', 1, 441),
(7, 'British Virgin Islands', 'BVI', 1, 284),
(8, 'Cayman Islands', 'CaymanIsl', 1, 345),
(9, 'Costa Rica', 'CostaRica', 1, 506),
(10, 'Cuba', 'Cuba', 1, 53),
(11, 'Dominica', 'Dominica', 1, 767),
(12, 'Dominican Republic', 'DominicanRep', 1, 809),
(13, 'El Salvador', 'ElSalvador', 1, 503),
(14, 'Greenland', 'Greenland', 1, 299),
(15, 'Grenada', 'Grenada', 1, 473),
(16, 'Guadeloupe', 'Guadeloupe', 1, 590),
(17, 'Guatemala', 'Guatemala', 1, 502),
(18, 'Haiti', 'Haiti', 1, 509),
(19, 'Honduras', 'Honduras', 1, 503),
(20, 'Jamaica', 'Jamaica', 1, 876),
(21, 'Martinique', 'Martinique', 1, 596),
(22, 'Mexico', 'Mexico', 1, 52),
(23, 'Montserrat', 'Montserrat', 1, 664),
(24, 'Nicaragua', 'Nicaragua', 1, 505),
(25, 'Panama', 'Panama', 1, 507),
(26, 'Puerto Rico', 'PuertoRico', 1, 787),
(27, 'Trinidad and Tobago', 'Trinidad-Tobago', 1, 868),
(28, 'United States Virgin Islands', 'USVI', 1, 340),
(29, 'Argentina', 'Argentina', 2, 54),
(30, 'Bolivia', 'Bolivia', 2, 591),
(31, 'Brazil', 'Brazil', 2, 55),
(32, 'Chile', 'Chile', 2, 56),
(33, 'Colombia', 'Colombia', 2, 57),
(34, 'Ecuador', 'Ecuador', 2, 593),
(35, 'Falkland Islands', 'FalklandIsl', 2, 500),
(36, 'French Guiana', 'FrenchGuiana', 2, 594),
(37, 'Guyana', 'Guyana', 2, 592),
(38, 'Paraguay', 'Paraguay', 2, 595),
(39, 'Peru', 'Peru', 2, 51),
(40, 'Suriname', 'Suriname', 2, 597),
(41, 'Uruguay', 'Uruguay', 2, 598),
(42, 'Venezuela', 'Venezuela', 2, 58),
(43, 'Albania', 'Albania', 3, 355),
(44, 'Andorra', 'Andorra', 3, 376),
(45, 'Armenia', 'Armenia', 3, 374),
(46, 'Austria', 'Austria', 3, 43),
(47, 'Azerbaijan', 'Azerbaijan', 3, 994),
(48, 'Belarus', 'Belarus', 3, 375),
(49, 'Belgium', 'Belgium', 3, 32),
(50, 'Bosnia and Herzegovina', 'Bosnia-Herzegovina', 3, 387),
(51, 'Bulgaria', 'Bulgaria', 3, 359),
(52, 'Croatia', 'Croatia', 3, 385),
(53, 'Cyprus', 'Cyprus', 3, 357),
(54, 'Czech Republic', 'CzechRep', 3, 420),
(55, 'Denmark', 'Denmark', 3, 45),
(56, 'Estonia', 'Estonia', 3, 372),
(57, 'Finland', 'Finland', 3, 358),
(58, 'France', 'France', 3, 33),
(59, 'Georgia', 'Georgia', 3, 995),
(60, 'Germany', 'Germany', 3, 49),
(61, 'Gibraltar', 'Gibraltar', 3, 350),
(62, 'Greece', 'Greece', 3, 30),
(63, 'Guernsey', 'Guernsey', 3, 44),
(64, 'Hungary', 'Hungary', 3, 36),
(65, 'Iceland', 'Iceland', 3, 354),
(66, 'Ireland', 'Ireland', 3, 353),
(67, 'Isle of Man', 'IsleofMan', 3, 44),
(68, 'Italy', 'Italy', 3, 39),
(69, 'Jersey', 'Jersey', 3, 44),
(70, 'Kosovo', 'Kosovo', 3, 381),
(71, 'Latvia', 'Latvia', 3, 371),
(72, 'Liechtenstein', 'Liechtenstein', 3, 423),
(73, 'Lithuania', 'Lithuania', 3, 370),
(74, 'Luxembourg', 'Luxembourg', 3, 352),
(75, 'Macedonia', 'Macedonia', 3, 389),
(76, 'Malta', 'Malta', 3, 356),
(77, 'Moldova', 'Moldova', 3, 373),
(78, 'Monaco', 'Monaco', 3, 377),
(79, 'Montenegro', 'Montenegro', 3, 381),
(80, 'Netherlands', 'Netherlands', 3, 31),
(81, 'Norway', 'Norway', 3, 47),
(82, 'Poland', 'Poland', 3, 48),
(83, 'Portugal', 'Portugal', 3, 351),
(84, 'Romania', 'Romania', 3, 40),
(85, 'Russia', 'Russia', 3, 7),
(86, 'San Marino', 'SanMarino', 3, 378),
(87, 'Serbia', 'Serbia', 3, 381),
(88, 'Slovakia', 'Slovakia', 3, 421),
(89, 'Slovenia', 'Slovenia', 3, 386),
(90, 'Spain', 'Spain', 3, 34),
(91, 'Sweden', 'Sweden', 3, 46),
(92, 'Switzerland', 'Switzerland', 3, 41),
(93, 'Turkey', 'Turkey', 3, 90),
(94, 'Ukraine', 'Ukraine', 3, 380),
(95, 'United Kingdom', 'UK', 3, 44),
(96, 'Vatican City', 'Vatican', 3, 39),
(97, 'Afghanistan', 'Afghanistan', 4, 93),
(98, 'Bahrain', 'Bahrain', 4, 973),
(99, 'Bangladesh', 'Bangladesh', 4, 880),
(100, 'Bhutan', 'Bhutan', 4, 975),
(101, 'Brunei', 'Brunei', 4, 673),
(102, 'Cambodia', 'Cambodia', 4, 855),
(103, 'China', 'China', 4, 86),
(104, 'East Timor', 'EastTimor', 4, 670),
(105, 'Hong Kong', 'HongKong', 4, 852),
(106, 'India', 'India', 4, 91),
(107, 'Indonesia', 'Indonesia', 4, 62),
(108, 'Iran', 'Iran', 4, 98),
(109, 'Iraq', 'Iraq', 4, 964),
(110, 'Israel', 'Israel', 4, 972),
(111, 'Japan', 'Japan', 4, 81),
(112, 'Jordan', 'Jordan', 4, 962),
(113, 'Kazakhstan', 'Kazakhstan', 4, 7),
(114, 'Kuwait', 'Kuwait', 4, 965),
(115, 'Kyrgyzstan', 'Kyrgyzstan', 4, 996),
(116, 'Laos', 'Laos', 4, 856),
(117, 'Lebanon', 'Lebanon', 4, 961),
(118, 'Macau', 'Macau', 4, 853),
(119, 'Malaysia', 'Malaysia', 4, 60),
(120, 'Maldives', 'Maldives', 4, 960),
(121, 'Mongolia', 'Mongolia', 4, 976),
(122, 'Myanmar (Burma)', 'Myanmar(Burma)', 4, 95),
(123, 'Nepal', 'Nepal', 4, 977),
(124, 'North Korea', 'NorthKorea', 4, 850),
(125, 'Oman', 'Oman', 4, 968),
(126, 'Pakistan', 'Pakistan', 4, 92),
(127, 'Philippines', 'Philippines', 4, 63),
(128, 'Qatar', 'Qatar', 4, 974),
(129, 'Saudi Arabia', 'SaudiArabia', 4, 966),
(130, 'Singapore', 'Singapore', 4, 65),
(131, 'South Korea', 'SouthKorea', 4, 82),
(132, 'Sri Lanka', 'SriLanka', 4, 94),
(133, 'Syria', 'Syria', 4, 963),
(134, 'Taiwan', 'Taiwan', 4, 886),
(135, 'Tajikistan', 'Tajikistan', 4, 992),
(136, 'Thailand', 'Thailand', 4, 66),
(137, 'Turkmenistan', 'Turkmenistan', 4, 993),
(138, 'United Arab Emirates', 'UAE', 4, 971),
(139, 'Uzbekistan', 'Uzbekistan', 4, 998),
(140, 'Vietnam', 'Vietnam', 4, 84),
(141, 'Yemen', 'Yemen', 4, 967),
(142, 'Algeria', 'Algeria', 5, 213),
(143, 'Angola', 'Angola', 5, 244),
(144, 'Benin', 'Benin', 5, 229),
(145, 'Botswana', 'Botswana', 5, 267),
(146, 'Burkina Faso', 'BurkinaFaso', 5, 226),
(147, 'Burundi', 'Burundi', 5, 257),
(148, 'Cameroon', 'Cameroon', 5, 237),
(149, 'Cape Verde', 'CapeVerde', 5, 238),
(150, 'Central African Republic', 'CentralAfricanRep', 5, 236),
(151, 'Chad', 'Chad', 5, 235),
(152, 'Congo-Brazzaville', 'Congo-Brazzaville', 5, 242),
(153, 'Congo-Kinshasa', 'Congo-Kinshasa', 5, 242),
(154, 'Djibouti', 'Djibouti', 5, 253),
(155, 'Egypt', 'Egypt', 5, 20),
(156, 'Equatorial Guinea', 'EquatorialGuinea', 5, 240),
(157, 'Eritrea', 'Eritrea', 5, 291),
(158, 'Ethiopia', 'Ethiopia', 5, 251),
(159, 'Gabon', 'Gabon', 5, 241),
(160, 'Gambia', 'Gambia', 5, 220),
(161, 'Ghana', 'Ghana', 5, 233),
(162, 'Guinea', 'Guinea', 5, 224),
(163, 'Guinea-Bissau', 'Guinea-Bissau', 5, 245),
(164, 'Ivory Coast', 'IvoryCoast', 5, 225),
(165, 'Kenya', 'Kenya', 5, 254),
(166, 'Lesotho', 'Lesotho', 5, 266),
(167, 'Liberia', 'Liberia', 5, 231),
(168, 'Libya', 'Libya', 5, 218),
(169, 'Madagascar', 'Madagascar', 5, 261),
(170, 'Malawi', 'Malawi', 5, 265),
(171, 'Mali', 'Mali', 5, 223),
(172, 'Mauritania', 'Mauritania', 5, 222),
(173, 'Mauritius', 'Mauritius', 5, 230),
(174, 'Morocco', 'Morocco', 5, 212),
(175, 'Mozambique', 'Mozambique', 5, 258),
(176, 'Namibia', 'Namibia', 5, 264),
(177, 'Niger', 'Niger', 5, 227),
(178, 'Nigeria', 'Nigeria', 5, 234),
(179, 'Reunion', 'Reunion', 5, 262),
(180, 'Rwanda', 'Rwanda', 5, 250),
(181, 'Sao Tome and Principe', 'SaoTome-Principe', 5, 239),
(182, 'Senegal', 'Senegal', 5, 221),
(183, 'Seychelles', 'Seychelles', 5, 248),
(184, 'Sierra Leone', 'SierraLeone', 5, 232),
(185, 'Somalia', 'Somalia', 5, 252),
(186, 'South Africa', 'SouthAfrica', 5, 27),
(187, 'Sudan', 'Sudan', 5, 249),
(188, 'Swaziland', 'Swaziland', 5, 268),
(189, 'Tanzania', 'Tanzania', 5, 255),
(190, 'Togo', 'Togo', 5, 228),
(191, 'Tunisia', 'Tunisia', 5, 216),
(192, 'Uganda', 'Uganda', 5, 256),
(193, 'Western Sahara', 'WesternSahara', 5, 212),
(194, 'Zambia', 'Zambia', 5, 260),
(195, 'Zimbabwe', 'Zimbabwe', 5, 263),
(196, 'Australia', 'Australia', 6, 61),
(197, 'New Zealand', 'NewZealand', 6, 64),
(198, 'Fiji', 'Fiji', 6, 679),
(199, 'French Polynesia', 'FrenchPolynesia', 6, 689),
(200, 'Guam', 'Guam', 6, 671),
(201, 'Kiribati', 'Kiribati', 6, 686),
(202, 'Marshall Islands', 'MarshallIsl', 6, 692),
(203, 'Micronesia', 'Micronesia', 6, 691),
(204, 'Nauru', 'Nauru', 6, 674),
(205, 'New Caledonia', 'NewCaledonia', 6, 687),
(206, 'Papua New Guinea', 'PapuaNewGuinea', 6, 675),
(207, 'Samoa', 'Samoa', 6, 684),
(208, 'Solomon Islands', 'SolomonIsl', 6, 677),
(209, 'Tonga', 'Tonga', 6, 676),
(210, 'Tuvalu', 'Tuvalu', 6, 688),
(211, 'Vanuatu', 'Vanuatu', 6, 678),
(212, 'Wallis and Futuna', 'Wallis-Futuna', 6, 681);

-- --------------------------------------------------------

--
-- Table structure for table `locregions`
--

CREATE TABLE IF NOT EXISTS `locregions` (
  `regionID` smallint(8) NOT NULL DEFAULT '0',
  `regionName` varchar(35) COLLATE utf8_unicode_ci DEFAULT NULL,
  `shortRegion` varchar(25) COLLATE utf8_unicode_ci DEFAULT NULL,
  `countryID` smallint(9) DEFAULT NULL,
  PRIMARY KEY (`regionID`)
) ENGINE=InnoDB DEFAULT CHARSET=utf8 COLLATE=utf8_unicode_ci;

--
-- Dumping data for table `locregions`
--

INSERT INTO `locregions` (`regionID`, `regionName`, `shortRegion`, `countryID`) VALUES
(1, 'Alabama', 'AL', 1),
(2, 'Alaska', 'AK', 1),
(3, 'Arizona', 'AZ', 1),
(4, 'Arkansas', 'AR', 1),
(5, 'California', 'CA', 1),
(6, 'Colorado', 'CO', 1),
(7, 'Connecticut', 'CT', 1),
(8, 'Delaware', 'DE', 1),
(9, 'District of Columbia', 'DC', 1),
(10, 'Florida', 'FL', 1),
(11, 'Georgia', 'GA', 1),
(12, 'Hawaii', 'HI', 1),
(13, 'Idaho', 'ID', 1),
(14, 'Illinois', 'IL', 1),
(15, 'Indiana', 'IN', 1),
(16, 'Iowa', 'IA', 1),
(17, 'Kansas', 'KS', 1),
(18, 'Kentucky', 'KY', 1),
(19, 'Louisiana', 'LA', 1),
(20, 'Maine', 'ME', 1),
(21, 'Maryland', 'MD', 1),
(22, 'Massachusetts', 'MA', 1),
(23, 'Michigan', 'MI', 1),
(24, 'Minnesota', 'MN', 1),
(25, 'Mississippi', 'MS', 1),
(26, 'Missouri', 'MO', 1),
(27, 'Montana', 'MT', 1),
(28, 'Nebraska', 'NE', 1),
(29, 'Nevada', 'NV', 1),
(30, 'New Hampshire', 'NH', 1),
(31, 'New Jersey', 'NJ', 1),
(32, 'New Mexico', 'NM', 1),
(33, 'New York', 'NY', 1),
(34, 'North Carolina', 'NC', 1),
(35, 'North Dakota', 'ND', 1),
(36, 'Ohio', 'OH', 1),
(37, 'Oklahoma', 'OK', 1),
(38, 'Oregon', 'OR', 1),
(39, 'Pennsylvania', 'PA', 1),
(40, 'Rhode Island', 'RI', 1),
(41, 'South Carolina', 'SC', 1),
(42, 'South Dakota', 'SD', 1),
(43, 'Tennessee', 'TN', 1),
(44, 'Texas', 'TX', 1),
(45, 'Utah', 'UT', 1),
(46, 'Vermont', 'VT', 1),
(47, 'Virginia', 'VA', 1),
(48, 'Washington', 'WA', 1),
(49, 'West Virginia', 'WV', 1),
(50, 'Wisconsin', 'WI', 1),
(51, 'Wyoming', 'WY', 1),
(52, 'Alberta', 'AB', 2),
(53, 'British Columbia', 'BC', 2),
(54, 'Manitoba', 'MB', 2),
(55, 'New Brunswick', 'NB', 2),
(56, 'Newfoundland and Labrador', 'NL', 2),
(57, 'Northwest Territories', 'NT', 2),
(58, 'Nova Scotia', 'NS', 2),
(59, 'Nunavut', 'NU', 2),
(60, 'Ontario', 'ON', 2),
(61, 'Prince Edward Island', 'PE', 2),
(62, 'Quebec', 'QC', 2),
(63, 'Saskatchewan', 'SK', 2),
(64, 'Yukon', 'YT', 2),
(65, 'England', 'England', 95),
(66, 'Northern Ireland', 'NorthernIreland', 95),
(67, 'Scotland', 'Scottland', 95),
(68, 'Wales', 'Wales', 95);

-- --------------------------------------------------------

--
-- Table structure for table `myTable`
--

CREATE TABLE IF NOT EXISTS `myTable` (
  `id` mediumint(8) unsigned NOT NULL AUTO_INCREMENT,
  `login_id` varchar(255) DEFAULT NULL,
  `Name` varchar(255) DEFAULT NULL,
  `phone` varchar(100) DEFAULT NULL,
  PRIMARY KEY (`id`)
) ENGINE=InnoDB  DEFAULT CHARSET=latin1 AUTO_INCREMENT=101 ;

--
-- Dumping data for table `myTable`
--

INSERT INTO `myTable` (`id`, `login_id`, `Name`, `phone`) VALUES
(1, 'eget@nonloremvitae.edu', 'Bert Little', '1-654-546-4638'),
(2, 'elit.Curabitur@sem.org', 'Scott Charles', '1-752-868-3138'),
(3, 'Aliquam.nec.enim@gravidasitamet.co.uk', 'Zane Barker', '1-808-380-0438'),
(4, 'facilisi.Sed@erategettincidunt.com', 'Blaze Fox', '1-498-398-1074'),
(5, 'non.lacinia.at@augueeutempor.ca', 'Derek Fields', '1-709-112-4107'),
(6, 'eu.turpis.Nulla@eratvolutpat.net', 'Wayne Black', '1-489-901-6017'),
(7, 'arcu.Vestibulum.ut@tristiqueaceleifend.ca', 'Denton Garner', '1-187-887-2662'),
(8, 'Aliquam.erat.volutpat@metusAliquam.net', 'Stuart Schroeder', '700-3621'),
(9, 'gravida@fringillapurus.edu', 'Theodore Norman', '1-455-243-5155'),
(10, 'ut.cursus@ultricies.com', 'Kieran Wolfe', '1-317-304-6608'),
(11, 'Nulla.dignissim@Nullamut.edu', 'Lyle Mcdowell', '1-363-623-8410'),
(12, 'urna@dictumProineget.net', 'Aladdin Ray', '1-138-304-5680'),
(13, 'et.libero.Proin@acliberonec.edu', 'Nissim Henson', '250-7307'),
(14, 'quam.quis.diam@odioauctorvitae.co.uk', 'Valentine Pace', '829-8340'),
(15, 'nonummy.ultricies@placerat.ca', 'Phillip Leonard', '668-6653'),
(16, 'pharetra.nibh@nunc.com', 'Bruce Griffin', '1-138-614-2896'),
(17, 'mauris@eumetusIn.com', 'Laith Gallegos', '1-582-896-9355'),
(18, 'aliquet.libero@vulputatelacus.ca', 'Hall Dawson', '629-9744'),
(19, 'convallis@massalobortis.ca', 'Kaseem Cotton', '289-7493'),
(20, 'semper.et.lacinia@acrisus.net', 'Bevis Mcgee', '1-662-124-0166'),
(21, 'dolor@pellentesqueegetdictum.org', 'Fulton Burris', '1-774-590-1531'),
(22, 'augue.porttitor@risusaultricies.ca', 'Castor Conrad', '1-684-125-7003'),
(23, 'ornare.In.faucibus@montesnasceturridiculus.net', 'Drew Clayton', '1-220-842-5275'),
(24, 'ac@sociisnatoquepenatibus.org', 'Conan Lang', '969-2348'),
(25, 'aliquet.libero.Integer@elementumduiquis.co.uk', 'Hamilton Lawson', '1-132-457-0694'),
(26, 'lorem.ut@Quisqueornaretortor.ca', 'Jackson Pierce', '865-4503'),
(27, 'non@augueeu.org', 'Ahmed Bell', '1-389-937-0881'),
(28, 'Curae@arcuiaculisenim.ca', 'Kamal Hess', '1-610-110-3003'),
(29, 'consequat.lectus.sit@vestibulumnequesed.net', 'Upton Noel', '1-969-613-1341'),
(30, 'at.lacus@velit.co.uk', 'Donovan Randall', '1-801-508-4680'),
(31, 'ullamcorper.magna.Sed@accumsannequeet.co.uk', 'Branden Gay', '1-913-940-7522'),
(32, 'Sed.eu.eros@auctorullamcorpernisl.net', 'Travis Dillard', '1-861-874-7986'),
(33, 'at.pretium@vulputate.ca', 'Dominic Bright', '429-3067'),
(34, 'neque@vel.edu', 'Felix Byers', '1-753-384-0874'),
(35, 'ligula.Aenean.euismod@hendreritneque.co.uk', 'Kane Langley', '1-662-703-4567'),
(36, 'lorem@egestasa.org', 'Aidan Valentine', '1-664-519-1818'),
(37, 'velit.justo.nec@neque.co.uk', 'Graiden Chase', '1-592-891-4559'),
(38, 'nunc@enim.org', 'Josiah Whitaker', '951-4002'),
(39, 'velit@Pellentesque.edu', 'Cooper Daugherty', '859-7067'),
(40, 'Nulla.tempor.augue@Quisquelibero.org', 'Brady Bauer', '1-221-343-1074'),
(41, 'nulla@vitae.edu', 'Knox Roberts', '112-0861'),
(42, 'interdum.Nunc.sollicitudin@Duissit.ca', 'Ivan Livingston', '767-2572'),
(43, 'iaculis@atortor.org', 'Julian Mcdaniel', '210-5191'),
(44, 'Suspendisse.eleifend.Cras@Cum.net', 'Acton Lane', '1-952-417-7166'),
(45, 'ornare.libero@ligula.org', 'Xenos Bennett', '106-1737'),
(46, 'a.felis.ullamcorper@ascelerisque.edu', 'Kibo Harmon', '448-2773'),
(47, 'est.vitae@posuerecubilia.com', 'Dante Kidd', '1-685-749-1160'),
(48, 'id@mauris.co.uk', 'Thomas Dunn', '1-349-574-1508'),
(49, 'ac.fermentum.vel@lacusUtnec.com', 'Caldwell Bell', '366-8647'),
(50, 'et.nunc@elementum.co.uk', 'Dexter Fitzgerald', '1-913-233-9526'),
(51, 'tristique.pharetra.Quisque@quamafelis.edu', 'Giacomo Santiago', '429-9465'),
(52, 'a@odiovel.com', 'Jeremy Francis', '1-636-774-8377'),
(53, 'parturient.montes@fermentumarcuVestibulum.com', 'Omar Jacobson', '1-119-462-0987'),
(54, 'Sed.nulla.ante@nequevenenatis.com', 'Allistair Farley', '1-995-369-2786'),
(55, 'risus.odio.auctor@duisemper.com', 'Theodore Gilliam', '274-9613'),
(56, 'quam.Curabitur.vel@egetlacusMauris.net', 'Alvin Crane', '515-9971'),
(57, 'erat@sociis.org', 'Ali Burnett', '1-173-775-3211'),
(58, 'pulvinar.arcu.et@rutrumnonhendrerit.edu', 'Marsden Riggs', '1-290-602-6753'),
(59, 'orci.Donec@Cras.com', 'Brett Rush', '1-213-471-5721'),
(60, 'mi.tempor.lorem@Duis.org', 'Jin Christian', '1-561-679-8822'),
(61, 'Ut.semper.pretium@In.net', 'Dylan Hudson', '520-3520'),
(62, 'est@consectetueradipiscing.ca', 'Robert Ortiz', '203-9344'),
(63, 'mattis.Integer@In.net', 'Axel Roberson', '870-8679'),
(64, 'magna@blandit.com', 'Rahim Ayers', '1-197-995-1730'),
(65, 'eget.nisi@Sed.ca', 'Vincent Frazier', '1-418-698-7866'),
(66, 'lacus.vestibulum.lorem@vehiculaaliquetlibero.org', 'Griffin Shields', '512-3791'),
(67, 'orci.luctus.et@Sedeu.ca', 'Marsden Larson', '228-7433'),
(68, 'sem.magna@etrutrum.co.uk', 'David Dale', '1-667-232-3929'),
(69, 'vel.est@necmetus.net', 'Anthony Guerra', '1-438-360-8380'),
(70, 'eu.odio.Phasellus@tempor.co.uk', 'Chaim Small', '795-1767'),
(71, 'vitae.semper.egestas@gravida.edu', 'Julian Crawford', '318-4951'),
(72, 'mauris@pellentesquetellussem.edu', 'Logan Rhodes', '940-5548'),
(73, 'mollis@lectuspedeet.org', 'Lamar Blankenship', '1-738-796-2876'),
(74, 'ipsum@seddolorFusce.net', 'Moses Rose', '320-1973'),
(75, 'vel@duiCraspellentesque.edu', 'Fritz Clay', '491-6509'),
(76, 'Integer@lacuspedesagittis.org', 'Quinn Vazquez', '1-270-312-2480'),
(77, 'egestas@anequeNullam.edu', 'Rashad Chang', '1-150-539-7190'),
(78, 'felis@enimCurabiturmassa.ca', 'Gannon Weaver', '1-630-611-6712'),
(79, 'mi@augue.org', 'Oren Mendoza', '1-665-204-7453'),
(80, 'consectetuer@vitae.com', 'Ezekiel Hammond', '254-5081'),
(81, 'libero.Proin.sed@aliquamarcu.edu', 'Luke Emerson', '221-2383'),
(82, 'Aliquam.gravida@nonenimMauris.edu', 'Oleg York', '853-5297'),
(83, 'nec@consectetueripsumnunc.org', 'Raymond Dillon', '1-373-553-1849'),
(84, 'Nunc.ut.erat@duiCum.co.uk', 'Thaddeus Padilla', '961-7117'),
(85, 'ligula.Aliquam.erat@dolorquam.co.uk', 'Kibo Ramirez', '1-993-880-6668'),
(86, 'lobortis.Class@natoquepenatibus.co.uk', 'Hilel Harrell', '367-9351'),
(87, 'Donec.tincidunt.Donec@perinceptoshymenaeos.com', 'Bernard Rutledge', '642-0033'),
(88, 'nascetur@consectetuer.org', 'Victor King', '590-4210'),
(89, 'Donec.fringilla@laciniaatiaculis.ca', 'Hiram Newman', '1-852-347-5059'),
(90, 'arcu@varius.edu', 'Adrian Petty', '204-2540'),
(91, 'molestie@disparturientmontes.net', 'Sawyer Rutledge', '237-9571'),
(92, 'molestie@lobortis.org', 'Philip Ballard', '1-655-533-3554'),
(93, 'velit.egestas.lacinia@esttempor.co.uk', 'Colby Norman', '1-333-614-3697'),
(94, 'vulputate@dictum.net', 'Brent Whitaker', '1-574-490-5342'),
(95, 'tortor.dictum@a.edu', 'Fritz Finch', '1-145-755-2396'),
(96, 'molestie@dapibus.org', 'Denton Roy', '703-0993'),
(97, 'non@nequepellentesque.edu', 'Neville Ray', '1-481-819-0463'),
(98, 'sit@dolorFusce.org', 'Giacomo Clemons', '1-488-556-9377'),
(99, 'ad.litora.torquent@Fuscemi.com', 'Thaddeus Leach', '114-4919'),
(100, 'feugiat.tellus.lorem@gravida.co.uk', 'Brody Whitney', '511-0760');

/*!40101 SET CHARACTER_SET_CLIENT=@OLD_CHARACTER_SET_CLIENT */;
/*!40101 SET CHARACTER_SET_RESULTS=@OLD_CHARACTER_SET_RESULTS */;
/*!40101 SET COLLATION_CONNECTION=@OLD_COLLATION_CONNECTION */;
